{"Pop\/Rock":{"genres":["Pop\/Rock"],"center":[-0.3787931949,-0.3991225575,0.0,0.6862245444,-0.3976953442,0.3836313454,0.5622732374,-0.374615412,-0.2419079116,0.0132254845,1.7171767752,1.2641673289,1.6947273027,0.5445658176,0.2278217095,-0.4177489674,-0.0054827336,1.3362543014,2.4920054372,1.2940898331,1.3413590515,0.275604885,0.2019704957,-0.2228694546,1.5828164159,0.2503330267,0.7775136779,0.107110337,0.191717764,0.1186946603]},"Pop, R&B, Dance":{"genres":["Pop","Electronic","Club\/Dance","Dance-Pop","Contemporary R&B","R&B","Soul"],"center":[-0.2659918806,-0.1329176117,0.5233144642,0.4800450576,-0.3470686529,0.138278768,0.2385263444,-0.2803997512,-0.3822852702,-0.1282472517,-0.3582065495,0.360743845,-0.1597123333,0.3041030402,0.7130102747,-0.0360139744,0.1269597664,-0.3435598828,-0.251296157,-0.3984366973,-0.397526117,-0.3599054005,-0.3815635774,-0.3440406874,-0.3794197527,-0.3911756368,-0.4016063838,-0.3959195387,-0.1591627908,-0.4057320553]},"Mainstream Rock":{"genres":["Indie","Rock","Singer-Songwriter","Alternative","Metal","Dance"],"center":[0.461047151,1.4338092375,-0.3683138979,0.1939339509,0.1678265697,-0.0325728377,-0.3925633544,0.5412118293,0.2737307703,-0.2733980074,-0.315925946,-0.4195268058,-0.4122896996,-0.4035600981,-0.3042441709,-0.0705520524,-0.3269233486,-0.4055788119,-0.3770734006,-0.3780142987,-0.4044647652,-0.2631394572,-0.3540910468,-0.3888212702,-0.3756064902,-0.3670794242,-0.1272354695,-0.3714785929,-0.4056362469,-0.3617549845]},"Rock Subgenres":{"genres":["Heavy Metal","Contemporary Pop\/Rock","Adult Alternative Pop\/Rock","Alternative\/Indie Rock","Indie Rock","Alternative Singer\/Songwriter","Alternative Pop\/Rock","Folk"],"center":[-0.3222331387,-0.3143704366,1.5294928494,-0.2070627508,-0.327239231,-0.3290018597,-0.3635066128,-0.3599730998,-0.3664714577,-0.3369399146,-0.2296158425,-0.347086003,-0.1027812305,-0.4146969479,-0.3577240527,-0.4068542976,-0.3344651624,0.1764946904,0.8293437279,0.1281254438,0.1690655282,-0.2379546628,-0.356275119,-0.405855809,0.3055492733,-0.3505079889,-0.1950266362,-0.3931670571,-0.4425586735,-0.3986774112]},"Rap":{"genres":["Rap","Contemporary Rap","Hardcore Rap","Pop-Rap","Southern Rap"],"center":[-0.3342359591,-0.3621581815,0.0415757582,-0.1930759144,-0.3735784349,-0.355663305,-0.3928356381,-0.3507666953,-0.3620083865,1.3509712622,-0.3513050242,-0.4000568612,-0.4359898867,-0.0949493565,-0.2084788126,-0.3785592649,-0.3612833657,-0.429278999,-0.3651448397,-0.3934970363,-0.4281649523,-0.3730669842,-0.3777912338,0.7630646961,-0.3545548052,-0.3907796113,-0.4055826413,0.7664515626,0.4670697228,0.6291875592]},"Country":{"genres":["Country","Contemporary Country","Country-Pop"],"center":[-0.3339523274,-0.2847339303,0.2426361358,-0.3251090598,-0.3169131285,-0.3855176355,-0.4027414006,-0.3044243074,-0.3484862456,-0.3343264364,-0.3377828833,-0.429704852,-0.1076026717,-0.4137381442,-0.365440367,-0.3801099172,-0.3205859755,-0.3971700376,-0.3326444308,-0.3721615229,-0.3706939628,1.3673479529,1.4481016083,-0.3989993163,-0.3695607235,1.2585829347,-0.2316844892,-0.3816566391,-0.415814293,-0.3719330307]}}